SubID,onset,duration,description
Sub021,1,10,1
Sub021,102,10,2
Sub021,820,10,3
Sub021,226.6666667,10,1
Sub021,298.6666667,10,2
Sub021,370.6666667,10,3
Sub021,442.6666667,10,1
Sub021,514.6666667,10,2
Sub021,586.6666667,10,3
Sub021,658.6666667,10,1
Sub021,730.6666667,10,2
Sub021,802.6666667,10,3
