onset,duration,description
1970-01-01 00:00:00.011272,1.1215752112676056,BAD_01
